{
  "hosting": {
    "public": "www",
    "ignore": ["firebase.json", "**/.*", "**/node_modules/**"],
    "rewrites": [
      {
        "source": "**",
        "destination": "/index.html"
      }
    ],
    "headers": [
      {
        "source": "/build/app/**",
        "headers": [
          {
            "key": "Cache-Control",
            "value": "public, max-age=31536000"
          }
        ]
      },
      {
        "source": "ngsw-worker.js",
        "headers": [
          {
            "key": "Cache-Control",
            "value": "no-cache"
          }
        ]
      }
    ]
  }
}
